DisputeId,CardNetwork,ReasonCode,ReasonCategory,Merchant,AmountUSD,OpenedOn,DueDate,Status,EvidenceUploaded,Notes
DSP-20401,Visa,10.4,Fraud,Kestrel Outdoors,2480.00,2026-09-19T09:00:00Z,2026-09-29T05:00:00Z,Open,No,Cardholder disputes the charge; no response yet.
DSP-20402,Mastercard,4855,Not received,Aster Fitness,673.19,2026-08-10T09:00:00Z,2026-08-26T09:00:00Z,Won,Yes,Network ruled in the merchant's favour.
DSP-20403,Amex,C28,Cancelled,Meridian Travel Co,21.74,2026-09-16T18:00:00Z,2026-09-29T01:00:00Z,Open,No,Awaiting review.
DSP-20404,Mastercard,4853,Not as described,Kestrel Outdoors,3343.03,2026-09-17T09:00:00Z,2026-10-03T09:00:00Z,Fighting,Yes,Evidence submitted to the network.
DSP-20405,Mastercard,4837,Fraud,Northwind Cycles,2495.65,2026-08-29T09:00:00Z,2026-09-25T09:00:00Z,Won,Yes,Network ruled in the merchant's favour.
DSP-20406,Mastercard,4853,Not as described,Sable & Oak Furniture,1725.50,2026-09-17T09:00:00Z,2026-09-29T18:00:00Z,Open,No,Customer says the item did not match the listing.
DSP-20407,Amex,P08,Duplicate,Kestrel Outdoors,583.47,2026-09-21T13:00:00Z,2026-10-12T22:00:00Z,Open,No,Awaiting review.
DSP-20408,Visa,13.1,Not received,Copperfield Grocers,1026.51,2026-08-08T09:00:00Z,2026-09-05T09:00:00Z,Won,Yes,Network ruled in the merchant's favour.
DSP-20409,Amex,P08,Duplicate,Sable & Oak Furniture,521.08,2026-09-26T05:00:00Z,2026-09-29T14:00:00Z,Evidence requested,Yes,Asked the merchant for the delivery confirmation.
DSP-20410,Amex,P08,Duplicate,Quill Stationery,4403.38,2026-09-18T04:00:00Z,2026-10-06T18:00:00Z,Open,No,Awaiting review.
DSP-20411,Mastercard,4853,Not as described,Meridian Travel Co,118.87,2026-09-04T09:00:00Z,2026-09-20T09:00:00Z,Lost,Yes,Deadline missed; closed as lost.
DSP-20412,Amex,C08,Not received,Lumen Audio,1160.00,2026-09-16T09:00:00Z,2026-09-30T05:00:00Z,Open,No,Customer says the item did not match the listing.
DSP-20413,Amex,P08,Duplicate,Pinecrest Books,1788.84,2026-08-07T09:00:00Z,2026-09-01T09:00:00Z,Lost,Yes,Deadline missed; closed as lost.
DSP-20414,Mastercard,4834,Duplicate,Pinecrest Books,2816.91,2026-08-24T09:00:00Z,2026-09-10T09:00:00Z,Accepted,No,Accepted; refund issued to the cardholder.
DSP-20415,Mastercard,4837,Fraud,Northwind Cycles,124.13,2026-09-27T04:00:00Z,2026-10-12T09:00:00Z,Evidence requested,No,Asked the merchant for the delivery confirmation.
DSP-20416,Visa,12.6,Duplicate,Tidewater Marine Supply,2759.25,2026-08-28T09:00:00Z,2026-09-24T09:00:00Z,Accepted,No,Accepted; refund issued to the cardholder.
DSP-20417,Visa,10.4,Fraud,Aster Fitness,216.81,2026-09-16T02:00:00Z,2026-09-30T02:00:00Z,Evidence requested,No,Asked the merchant for the delivery confirmation.
DSP-20418,Visa,13.1,Not received,Pinecrest Books,86.20,2026-08-16T09:00:00Z,2026-09-11T09:00:00Z,Won,Yes,Network ruled in the merchant's favour.
DSP-20419,Mastercard,4834,Duplicate,Pinecrest Books,524.21,2026-09-24T18:00:00Z,2026-10-02T12:00:00Z,Open,No,Awaiting review.
DSP-20420,Mastercard,4841,Cancelled,Copperfield Grocers,1532.62,2026-09-04T09:00:00Z,2026-09-25T09:00:00Z,Won,Yes,Network ruled in the merchant's favour.
DSP-20421,Amex,C31,Not as described,Copperfield Grocers,733.95,2026-08-25T09:00:00Z,2026-09-23T09:00:00Z,Accepted,No,Accepted; refund issued to the cardholder.
DSP-20422,Amex,P08,Duplicate,Meridian Travel Co,916.54,2026-08-23T09:00:00Z,2026-09-15T09:00:00Z,Accepted,No,Accepted; refund issued to the cardholder.
DSP-20423,Mastercard,4841,Cancelled,Lumen Audio,1194.99,2026-08-08T09:00:00Z,2026-08-30T09:00:00Z,Accepted,No,Accepted; refund issued to the cardholder.
DSP-20424,Mastercard,4841,Cancelled,Sable & Oak Furniture,2510.16,2026-09-16T09:00:00Z,2026-09-29T09:00:00Z,Fighting,Yes,Evidence submitted to the network.
DSP-20425,Mastercard,4834,Duplicate,Brightwater Pets,1471.61,2026-08-05T09:00:00Z,2026-08-24T09:00:00Z,Lost,Yes,Deadline missed; closed as lost.
DSP-20426,Amex,C31,Not as described,Harbor Lane Coffee,527.39,2026-09-27T05:00:00Z,2026-10-12T12:00:00Z,Open,No,Awaiting review.
DSP-20427,Mastercard,4841,Cancelled,Aster Fitness,267.30,2026-08-12T09:00:00Z,2026-09-11T09:00:00Z,Won,Yes,Network ruled in the merchant's favour.
DSP-20428,Amex,C28,Cancelled,Northwind Cycles,2686.88,2026-09-18T23:00:00Z,2026-10-06T11:00:00Z,Open,No,Awaiting review.
DSP-20429,Amex,C31,Not as described,Kestrel Outdoors,233.09,2026-08-01T09:00:00Z,2026-08-22T09:00:00Z,Accepted,No,Accepted; refund issued to the cardholder.
DSP-20430,Mastercard,4837,Fraud,Kestrel Outdoors,457.97,2026-09-25T00:00:00Z,2026-09-29T17:00:00Z,Open,No,Awaiting review.
DSP-20431,Amex,C31,Not as described,Lumen Audio,465.81,2026-09-26T09:00:00Z,2026-10-06T03:00:00Z,Open,No,Awaiting review.
DSP-20432,Visa,13.1,Not received,Lumen Audio,543.39,2026-09-16T13:00:00Z,2026-10-09T00:00:00Z,Open,No,Awaiting review.
DSP-20433,Mastercard,4837,Fraud,Brightwater Pets,2858.07,2026-08-20T09:00:00Z,2026-09-14T09:00:00Z,Won,Yes,Network ruled in the merchant's favour.
DSP-20434,Amex,P08,Duplicate,Brightwater Pets,1213.50,2026-08-29T09:00:00Z,2026-09-24T09:00:00Z,Won,Yes,Network ruled in the merchant's favour.
DSP-20435,Visa,12.6,Duplicate,Sable & Oak Furniture,1335.18,2026-08-19T09:00:00Z,2026-09-11T09:00:00Z,Won,Yes,Network ruled in the merchant's favour.
DSP-20436,Visa,13.2,Cancelled,Copperfield Grocers,858.80,2026-08-31T09:00:00Z,2026-09-17T09:00:00Z,Accepted,No,Accepted; refund issued to the cardholder.
DSP-20437,Amex,C28,Cancelled,Quill Stationery,1919.38,2026-08-28T09:00:00Z,2026-09-12T09:00:00Z,Lost,Yes,Deadline missed; closed as lost.
DSP-20438,Mastercard,4834,Duplicate,Harbor Lane Coffee,178.49,2026-09-18T07:00:00Z,2026-10-09T23:00:00Z,Open,No,Awaiting review.
DSP-20439,Mastercard,4853,Not as described,Sable & Oak Furniture,263.95,2026-08-25T09:00:00Z,2026-09-14T09:00:00Z,Accepted,No,Accepted; refund issued to the cardholder.
DSP-20440,Amex,C08,Not received,Brightwater Pets,65.82,2026-09-21T09:00:00Z,2026-10-09T06:00:00Z,Open,No,Awaiting review.
DSP-20441,Visa,10.4,Fraud,Lumen Audio,1284.36,2026-08-16T09:00:00Z,2026-09-14T09:00:00Z,Won,Yes,Network ruled in the merchant's favour.
DSP-20442,Amex,P08,Duplicate,Lumen Audio,2542.90,2026-09-14T09:00:00Z,2026-10-02T09:00:00Z,Fighting,Yes,Evidence submitted to the network.
DSP-20443,Visa,10.4,Fraud,Lumen Audio,146.52,2026-09-08T09:00:00Z,2026-10-01T09:00:00Z,Fighting,Yes,Evidence submitted to the network.
DSP-20444,Amex,F29,Fraud,Pinecrest Books,310.06,2026-08-26T09:00:00Z,2026-09-23T09:00:00Z,Accepted,No,Accepted; refund issued to the cardholder.
DSP-20445,Mastercard,4855,Not received,Brightwater Pets,1197.72,2026-08-17T09:00:00Z,2026-09-16T09:00:00Z,Won,Yes,Network ruled in the merchant's favour.
DSP-20446,Amex,C28,Cancelled,Meridian Travel Co,418.79,2026-09-18T18:00:00Z,2026-09-29T19:00:00Z,Open,No,Awaiting review.
DSP-20447,Mastercard,4853,Not as described,Quill Stationery,106.90,2026-09-27T09:00:00Z,2026-10-10T09:00:00Z,Open,No,Awaiting review.
DSP-20448,Mastercard,4834,Duplicate,Tidewater Marine Supply,724.76,2026-09-23T08:00:00Z,2026-09-29T08:00:00Z,Open,No,Awaiting review.
DSP-20449,Visa,10.4,Fraud,Lumen Audio,2289.00,2026-08-29T09:00:00Z,2026-09-14T09:00:00Z,Accepted,No,Accepted; refund issued to the cardholder.
DSP-20450,Mastercard,4841,Cancelled,Tidewater Marine Supply,2078.13,2026-08-08T09:00:00Z,2026-08-25T09:00:00Z,Accepted,No,Accepted; refund issued to the cardholder.
